student,y_true,y_pred
30268,3,3
45642,1,1
52130,1,1
59185,1,1
75091,1,1
91265,1,1
113295,1,1
116541,1,1
123044,1,1
141355,1,1
145130,1,1
147756,2,1
183947,1,2
200860,1,1
205719,2,3
229179,1,1
268733,3,3
281022,1,1
306466,1,1
311917,1,1
332789,1,1
342007,3,3
345357,0,1
357668,2,2
404804,1,2
405961,3,3
420087,2,3
429958,1,1
581129,2,3
760729,0,1
1518989,1,1
1746134,1,1
1758449,3,3
1942396,1,2
1976139,1,1
2084066,2,1
2104505,1,1
2153153,1,1
2194100,1,1
2268379,1,1
2437837,1,1
2470694,3,3
2479954,1,1
2516503,1,1
2521459,1,1
2529279,1,1
2532302,1,1
2599352,1,1
2639449,1,3
2639641,1,1
2649826,0,1
2688067,1,1
85092,1,2
95755,3,3
107489,1,1
121349,1,1
131390,1,1
147756,1,1
149962,1,1
174024,1,1
237274,1,1
263543,1,1
268733,2,3
287210,1,1
289449,1,1
296424,1,1
315744,0,1
342007,1,1
345440,1,1
358182,1,1
377546,0,1
383600,1,1
402961,1,1
409100,1,1
409703,1,1
424577,1,1
431025,2,1
481022,2,3
503889,1,1
527801,2,2
544253,1,1
561467,3,3
623710,3,3
626240,1,1
628312,3,3
852847,2,3
1947156,1,1
2244332,0,0
2277857,1,1
2375975,1,1
2398313,1,1
2432796,1,1
2470694,2,3
2507842,3,3
2521865,1,1
2642616,1,1
33666,3,1
72070,3,3
78645,2,1
88580,3,3
91322,1,1
92832,1,1
97154,1,1
108589,1,1
117071,2,2
143741,0,1
145544,1,1
153212,0,1
153704,3,1
171377,2,3
177639,3,3
186670,2,2
186780,3,3
226827,1,1
228235,3,3
229426,0,1
252340,2,2
255347,1,1
262454,2,1
272580,1,1
276717,0,1
280962,2,3
331844,1,1
335421,2,1
339526,3,3
357030,3,2
359170,3,3
360188,1,0
365488,2,2
366821,2,3
367609,1,1
368439,2,3
381722,3,3
385034,3,3
388014,3,3
398084,1,1
400894,1,2
409662,1,1
411197,2,2
414958,1,0
416007,1,1
416654,1,1
418065,3,3
423317,3,3
433755,1,1
437967,1,1
438703,1,1
442012,1,1
444408,2,1
445125,2,1
471525,1,1
473328,1,1
475078,3,3
475460,2,1
477011,1,1
478317,3,1
478873,2,2
479171,1,1
481607,0,1
483064,1,1
483371,3,1
483479,2,3
484885,2,1
484933,1,1
486282,2,3
488185,2,3
488863,1,1
492240,1,1
492590,2,1
494786,0,0
494840,3,3
494927,3,1
495875,3,3
498296,1,1
498371,3,2
499380,0,0
500507,3,1
501550,1,1
501955,2,1
502088,2,1
502441,0,0
502604,1,1
502872,2,3
503390,2,1
503491,1,1
512911,2,1
513093,1,1
514981,2,1
515035,2,2
516456,1,1
517474,1,1
518970,1,1
520230,3,3
521081,2,3
521764,1,1
522373,1,1
524496,3,3
525520,2,1
525679,2,2
527886,1,0
528175,3,3
528261,0,0
530065,1,1
530153,2,2
531205,3,2
532710,2,3
532950,1,1
533969,2,2
533996,3,3
534217,3,3
534922,3,3
535140,1,1
535145,2,1
535278,2,1
535328,1,1
535760,1,1
535773,1,0
536189,1,0
536205,1,1
536243,2,3
536551,2,3
536670,3,3
536722,2,1
536856,2,1
537162,1,1
537193,1,1
537255,1,1
537259,2,1
537679,1,1
538196,3,3
539253,2,1
539265,1,1
539345,1,1
539572,1,2
540656,1,1
540767,3,3
541196,3,3
541523,1,1
541573,3,3
541709,3,3
541727,3,3
541838,3,2
541973,2,1
541985,3,3
542010,3,2
542172,3,2
542260,2,1
542396,3,2
542613,1,1
542663,2,2
542748,0,1
543356,1,1
543365,3,3
543473,1,1
544632,1,1
544881,1,1
545337,3,3
545780,2,3
546136,3,3
546157,1,1
546455,2,2
547466,1,1
547755,3,3
547903,1,1
548275,1,1
548307,2,3
548403,2,2
548488,3,1
548585,3,1
548642,3,1
548714,1,1
548831,3,3
549196,0,0
549622,3,3
549713,3,3
550018,2,3
550520,1,1
550549,1,1
550707,1,0
551129,1,1
551487,1,1
551906,3,1
551938,1,1
552069,3,3
552701,1,1
552718,2,2
552822,1,1
552859,1,1
552929,1,1
552991,1,1
553047,1,1
553487,0,1
553807,3,1
553938,3,3
554139,2,3
554482,3,3
554512,3,1
554545,3,2
554998,1,1
555086,1,1
555157,2,1
555667,0,0
555672,1,1
555747,1,1
555909,3,2
556284,1,1
556292,0,1
556318,2,2
556349,1,1
556502,1,1
556692,3,1
556877,3,3
556882,3,3
557145,2,1
557325,0,1
558689,1,1
558820,2,1
558955,2,1
559227,3,3
559425,3,3
559458,1,1
560319,1,1
561459,0,1
561716,1,1
562146,3,3
562494,3,3
1098728,2,1
1721462,1,1
1847146,1,1
1997796,0,1
2019837,3,1
2076177,3,3
2243551,2,2
2279538,2,3
2291598,1,1
2302925,3,1
2336550,1,1
2425726,3,3
2439201,1,1
2445949,2,2
2475034,3,3
2480865,3,3
2528966,1,1
2534033,3,3
2540746,3,3
2541120,0,1
2553749,3,1
2608453,2,1
2612483,0,1
2617650,3,3
2626410,3,1
2639611,1,0
2645061,1,1
2654411,2,3
2693974,3,3
23798,0,1
27759,2,1
31849,1,1
48503,1,1
55026,1,1
61118,3,3
64246,3,3
69843,3,3
74169,3,3
153704,2,2
195938,0,1
233317,1,1
235258,3,3
243992,1,1
248800,3,3
261332,2,2
286690,2,2
293712,0,1
305547,3,3
307193,2,3
337151,1,1
340965,1,1
362907,2,3
364871,1,1
365288,2,3
373633,3,3
388432,2,1
396114,0,1
398891,1,1
404269,1,1
404708,1,1
410537,1,1
415216,1,1
415698,3,1
417677,3,3
420163,1,1
420724,2,1
421018,1,1
423399,1,1
424014,3,3
424539,1,1
426458,1,1
427683,3,2
430708,1,1
432144,1,1
437030,3,3
442910,1,1
467330,3,3
471434,3,1
471711,1,1
479170,1,1
479305,1,1
482556,3,3
483703,3,3
485006,1,1
485439,3,2
488176,3,3
488195,1,0
491758,3,3
492229,3,3
492478,3,1
494960,1,1
495449,1,1
495625,1,2
495875,2,3
496334,2,1
497632,1,1
498755,1,1
498841,3,3
501053,2,1
501945,3,1
503322,1,1
504466,1,1
504635,1,1
504842,3,3
507387,2,3
508422,2,2
509607,0,0
511678,1,1
512977,1,1
513076,2,2
514302,1,1
515203,2,2
515646,1,1
517016,2,3
517231,1,0
520153,3,3
521590,1,1
522899,2,0
523331,2,3
524496,2,3
526810,3,1
528642,3,3
529163,3,3
530112,2,2
531287,3,3
532335,1,1
532868,2,1
532869,1,1
534998,1,1
535379,1,2
536409,3,3
536664,2,3
539414,3,3
541586,0,1
545462,1,1
547755,3,3
549129,1,1
551515,3,3
552865,3,3
552883,2,3
555346,1,1
556637,3,2
558755,2,3
560030,2,2
560074,1,1
563063,3,3
564268,1,1
564626,2,1
566339,1,3
566346,0,1
567059,3,3
567145,3,3
567160,2,1
567925,3,3
567958,1,1
568609,3,0
569141,1,1
569334,2,2
571143,2,3
571503,1,1
571672,2,3
571693,2,1
572029,3,3
572163,3,1
572173,2,3
572752,1,1
573043,1,1
573159,3,1
573275,2,3
573487,2,2
573790,1,1
574051,2,3
574194,1,1
574320,0,0
574783,3,3
574973,1,1
574998,3,3
576098,3,3
576513,3,3
576664,3,3
577099,1,1
577347,2,1
578030,0,1
578109,0,1
578197,1,1
578362,2,1
578854,3,2
579256,3,3
579279,1,1
580346,1,1
580412,3,2
580540,1,1
580684,2,1
580880,1,1
581530,1,2
582123,1,1
582182,2,3
582190,2,1
582243,3,1
582443,3,3
582474,1,1
582574,1,1
582878,1,1
582940,1,1
582958,0,1
583179,3,3
584325,3,2
584342,3,3
584588,3,3
584762,3,3
585074,2,2
585342,3,3
585459,3,3
585915,2,3
586416,1,1
586516,3,3
586581,1,1
586742,1,1
586843,1,1
586882,2,3
586975,3,3
587120,3,3
587192,1,1
587754,1,1
587923,1,1
588685,3,3
588969,3,3
589216,3,3
590372,1,1
590502,2,1
590625,1,1
590867,2,3
591299,0,1
591440,2,3
591787,1,1
592406,3,3
592496,1,1
592618,1,1
593189,2,2
593427,1,1
593692,1,1
593694,1,1
593743,1,1
593898,1,1
594497,2,2
594776,1,1
594928,1,1
595010,2,1
595420,3,3
595816,2,3
596017,1,1
596114,1,1
596360,2,2
596596,2,1
596847,0,1
597286,0,1
597790,1,1
598202,2,2
598230,1,1
598623,1,1
599644,2,2
599748,1,1
599785,1,1
599960,3,2
600218,3,3
600263,2,3
600967,2,3
601243,0,1
601269,1,1
601934,2,2
601951,2,1
602147,1,1
602245,1,1
602739,3,2
602826,2,1
603036,1,0
603165,0,1
603516,3,3
603910,3,3
604079,3,3
604116,0,1
604118,2,3
604731,2,2
604962,3,3
605207,1,1
605309,2,3
605494,2,3
606420,1,1
606797,3,3
607309,3,3
607493,1,1
607778,1,1
607888,3,3
608000,1,1
608026,3,3
608041,1,0
608939,2,3
609388,3,3
609811,0,0
609860,3,3
609871,1,1
609887,2,3
610772,2,3
610776,2,2
610906,1,1
611012,1,1
611017,1,1
611046,3,3
612217,1,2
612517,1,1
612661,0,0
612757,1,0
614064,1,1
616342,1,1
616735,1,1
1018682,2,3
1411627,1,1
1594621,1,1
1889565,0,1
1934047,3,3
2022801,3,3
2029037,1,1
2061889,1,2
2062995,1,1
2128304,1,1
2132966,1,1
2147929,1,1
2239140,2,2
2272630,3,3
2291034,3,3
2318763,2,3
2392824,1,1
2463950,1,1
2468706,0,0
2476144,3,3
2514379,2,1
2529306,2,1
2540724,0,1
2545488,3,2
2573570,3,3
2579673,2,2
2588742,1,1
2620279,3,2
2625315,2,2
2631545,2,3
2638818,0,1
2690077,3,3
76196,3,3
107713,3,2
108799,0,0
201431,1,1
206003,0,0
236161,1,1
244064,0,1
250123,0,1
291844,1,1
295728,2,2
304607,2,1
307386,1,1
311599,1,0
319606,2,1
321121,1,1
325080,1,1
354560,3,3
356386,2,1
358956,1,1
365488,2,2
375711,2,2
380204,1,1
386374,2,3
392604,1,1
420663,1,1
424014,1,1
429099,0,0
437565,1,1
444858,2,1
444872,1,1
478317,2,2
483468,1,1
484821,2,3
492928,2,1
494948,3,3
496547,3,3
500395,3,2
507983,2,1
508400,2,2
509696,1,2
517679,0,1
523021,3,1
532468,3,3
533077,2,1
533527,2,1
538196,3,2
542547,1,1
547268,3,3
548445,2,1
548844,2,2
550269,1,1
551515,1,1
552931,3,3
553733,2,2
553807,2,2
553808,1,1
555603,3,3
556877,1,0
560536,1,1
563413,0,1
563945,3,3
563987,1,1
565344,2,1
565988,2,3
567059,1,1
568968,1,1
569664,1,1
569970,1,1
570437,0,0
571614,1,1
572370,3,3
572378,3,3
573851,1,1
573853,1,1
574748,3,3
578282,2,1
584762,3,3
585547,1,1
585727,2,1
586417,3,3
586712,1,0
586995,1,1
587538,0,1
587780,1,1
588685,2,2
591094,3,1
593345,2,1
594061,0,0
596602,3,3
597882,1,1
598415,3,1
599382,3,3
601862,1,1
603739,3,2
604962,1,1
608774,3,3
608961,2,3
611348,1,1
611977,3,3
612082,0,1
612919,1,0
613161,3,2
613864,2,3
613874,1,1
614039,1,1
614212,1,1
614583,0,0
614668,1,1
615319,2,3
617146,2,2
617287,2,2
617576,1,1
617717,2,2
618054,3,3
618145,0,0
618197,3,2
618258,1,1
618399,1,1
618586,3,3
618673,2,2
618710,3,3
619330,3,2
620018,3,3
620072,2,1
620092,0,0
620230,3,3
620507,3,2
620546,3,3
620694,1,1
620922,1,1
621369,2,1
621890,3,3
621894,1,1
622330,3,2
623240,0,1
623333,1,1
623845,1,1
623914,3,3
624298,3,3
624411,3,3
624427,3,3
624847,1,1
625251,1,1
625465,3,3
625581,3,3
625724,1,1
625853,2,3
626123,0,1
626254,1,1
626352,1,1
626442,2,2
626491,0,1
626597,3,3
626840,3,3
627027,1,1
627115,0,1
627190,1,0
627228,3,3
627403,2,1
627528,2,3
627647,1,0
628176,1,1
628328,1,1
628423,0,1
628442,3,1
628765,3,3
628827,2,3
629026,1,1
629044,2,1
629870,2,2
630134,3,3
630333,1,1
630393,0,1
630586,2,1
631031,3,3
631082,3,3
631108,1,0
631132,2,1
631341,2,1
631442,2,3
631492,1,1
631724,1,0
631848,1,1
632040,2,3
632113,2,3
632712,2,2
633208,1,1
633245,2,2
633472,1,1
633603,2,1
633669,1,1
634075,0,1
634230,0,1
634928,1,1
634932,2,2
635435,1,1
1559428,2,2
1624443,1,0
1719114,1,1
1957682,0,0
2022801,0,1
2133207,1,3
2243703,1,1
2266377,2,1
2291760,1,1
2303083,2,3
2308026,1,1
2343413,1,1
2437428,2,1
2446599,1,0
2476144,1,2
2524295,1,2
2541388,1,0
2567352,3,3
2609574,3,2
2626410,2,2
2634946,3,1
2677541,3,1
2687378,1,1
32930,1,1
70750,3,3
73874,3,3
102067,3,2
103496,1,1
106095,1,1
155484,0,0
165498,3,3
169008,1,1
179073,3,2
184234,2,3
188766,1,1
193310,1,1
195940,1,1
228235,3,3
245784,2,2
254313,3,3
260137,1,1
264281,3,3
267774,3,3
271047,3,3
306880,3,3
330981,3,3
338554,1,1
379720,1,1
384266,3,3
396673,3,3
411105,3,3
412081,1,1
417978,3,3
418206,3,3
425314,3,3
439677,1,1
439806,0,1
447124,1,1
447324,2,3
469803,3,3
474408,1,1
483508,0,1
484490,1,1
485439,3,3
491001,3,3
495522,3,3
496381,1,1
497074,1,1
498841,1,1
502767,1,1
505878,2,2
506219,1,1
507783,1,1
509578,1,1
509935,1,1
510068,2,2
510471,1,1
512722,1,1
513751,1,1
514006,3,3
517112,3,3
521081,1,1
523132,1,1
531753,1,1
534884,3,2
535963,0,0
537640,0,1
539657,3,3
545964,1,1
549839,3,3
555749,1,1
561608,1,2
561773,3,3
562769,3,3
563302,1,1
565575,1,1
568019,1,1
569256,3,3
571641,0,2
573159,2,3
573873,2,3
575630,1,1
576262,3,2
576689,0,1
577618,1,0
577743,1,1
578861,1,1
579031,3,3
579251,2,2
583179,3,3
585074,2,3
586516,0,1
588251,2,1
590854,0,0
590867,3,3
592090,3,3
594083,1,1
594282,0,0
595365,1,1
596728,1,1
596744,3,3
598282,1,1
599323,2,3
599644,3,3
600387,0,1
600606,1,1
601930,3,3
602448,2,2
602570,2,1
602696,0,1
602943,0,1
603055,1,1
603203,3,3
605243,1,1
605901,3,3
606864,1,1
607176,3,1
608134,1,1
608851,1,1
609927,1,1
611329,1,1
612135,0,0
612337,3,3
618197,1,1
618983,2,1
620135,3,3
623376,1,1
623519,1,1
626597,3,3
626835,3,2
627269,1,1
628435,3,3
628656,1,1
628819,3,3
632722,3,3
633902,1,1
633949,0,1
634247,2,3
634636,1,1
635251,3,3
635328,2,2
635425,3,3
637810,1,1
637867,2,3
638554,3,3
638818,3,3
639659,3,3
641262,3,3
641616,1,1
641992,3,2
642550,1,0
642600,1,1
642731,3,3
642836,3,3
642988,2,3
643953,2,3
643986,1,1
644101,3,2
644482,3,3
644975,3,3
645047,1,1
645183,3,2
645678,1,1
645753,2,3
645996,3,3
646004,3,3
646151,3,3
646579,1,1
647711,3,2
647740,3,3
647762,1,1
647774,3,3
647807,3,3
647940,3,3
648135,1,1
648476,1,2
648519,3,2
648640,3,3
648709,3,2
649189,0,1
649231,1,0
649291,1,1
649518,1,1
649578,2,3
649621,2,3
649686,3,3
649980,3,3
650269,1,1
650517,2,3
650676,3,3
650797,1,1
651257,1,1
651609,3,2
651655,1,1
651991,1,1
652149,1,1
652158,1,1
652288,2,3
652366,3,3
652553,1,1
652558,3,3
652586,0,0
652605,1,2
653034,3,2
653068,1,1
653097,3,3
653262,1,1
653384,3,1
653551,3,3
654071,3,3
654545,2,1
654657,1,1
655086,2,3
655296,1,1
655546,1,1
655547,1,2
655572,2,2
656122,3,3
656196,1,1
656200,1,1
656472,3,3
656481,1,1
657293,0,1
674214,1,1
674323,3,2
674548,3,2
674605,1,1
674746,3,3
675085,1,1
675159,1,1
675178,3,3
675627,3,3
675671,3,2
676011,2,3
676258,3,3
676322,0,1
676633,1,1
676705,0,0
676750,0,1
677201,2,1
678016,3,3
678578,3,3
678995,1,1
679218,1,1
679747,3,3
679971,2,1
680471,2,1
680560,3,3
680816,3,3
681566,1,1
681798,1,1
681964,3,3
682051,1,1
682058,1,1
682366,3,3
682483,1,1
682728,3,3
682887,2,1
683592,1,1
683779,1,1
683838,2,1
684704,1,1
684971,2,2
684982,3,3
685228,1,2
685599,3,3
685653,2,3
685830,1,0
686286,2,3
686762,1,1
686938,1,1
686953,2,2
687326,2,1
687402,1,1
687578,3,3
688106,3,3
688135,1,1
688376,1,1
688519,1,1
688954,1,1
689095,1,1
689107,2,3
689185,2,1
689487,2,3
689952,3,3
690003,1,1
690089,1,1
690319,1,1
690469,1,1
690554,3,2
690766,1,1
691006,2,3
691026,1,1
691094,1,1
691312,1,1
691367,3,3
691997,2,2
692384,3,2
692528,3,2
692897,3,3
692914,3,3
693635,2,1
693793,1,2
693983,3,3
694341,1,1
694792,1,1
694974,3,3
695027,1,1
695031,1,1
695047,1,0
695051,3,3
695070,1,2
695075,1,1
695125,3,3
695510,1,1
695613,1,1
696007,1,1
696595,3,3
696716,3,3
696804,1,1
696844,1,1
697119,3,3
697136,3,3
697298,3,3
697542,2,3
697574,1,1
697578,0,1
697959,1,1
698025,3,3
698205,3,2
698362,0,0
698471,0,0
698490,3,3
698509,0,1
699436,0,1
699488,0,1
699875,3,3
1486048,3,3
1533277,1,1
1536122,0,1
1733023,0,1
1891028,2,2
2003628,3,3
2093092,3,3
2172163,1,1
2187308,1,1
2263129,2,3
2278390,2,0
2281286,1,1
2292824,3,3
2296716,2,2
2318161,1,1
2344216,3,3
2346145,1,1
2375759,0,1
2449399,1,1
2454351,3,3
2497189,3,3
2520290,1,1
2552708,1,1
2599784,1,1
2603534,3,3
2614271,3,3
2638403,1,1
2677541,0,1
2681505,1,1
2685247,0,3
50263,3,3
66254,2,1
83219,1,1
83453,3,3
119353,3,3
124193,0,0
126394,1,0
129878,2,3
131145,0,1
133104,0,1
139190,3,3
145282,0,0
147675,3,2
172965,0,1
180976,1,1
183331,3,3
187435,0,0
191797,1,1
201327,2,2
227192,1,1
227833,3,3
230340,3,3
236620,1,1
244902,3,3
246248,2,3
250092,2,3
260949,1,3
264285,3,3
266040,3,2
266558,3,3
268127,3,3
269676,1,2
281261,3,3
282193,1,2
283798,1,1
284812,0,0
285475,1,1
290382,3,3
295893,3,2
305876,2,1
308391,3,3
308918,2,3
320153,3,1
325497,3,3
330862,2,1
336398,0,0
344367,2,3
348050,2,1
351775,1,2
353066,3,3
356274,2,2
357942,3,1
362661,3,3
383015,3,3
383158,1,2
383372,1,1
383971,2,3
391419,2,2
394791,3,3
418224,2,3
419536,3,3
425714,3,3
426616,2,1
429185,0,0
434562,1,1
438796,1,3
445777,0,1
445917,0,0
446295,2,2
466714,3,3
472309,3,1
475945,1,1
479714,3,3
480604,3,1
480928,3,3
485374,1,1
485594,3,3
489309,3,3
489929,1,3
491232,2,3
498043,2,3
498741,2,2
500001,3,3
500597,2,1
502554,0,0
503872,3,3
506206,0,1
509183,0,1
513934,3,3
514000,2,2
514186,2,3
515515,2,3
516238,0,1
516726,0,1
520377,1,1
522312,1,1
523079,1,1
526235,3,2
528021,3,3
528892,1,1
530270,3,3
536536,3,3
539971,1,3
540509,3,3
542050,3,1
543571,3,3
543628,3,3
544839,0,0
546400,3,3
546675,3,3
548261,2,3
548509,0,0
550545,3,1
552498,3,2
552913,1,1
553410,3,2
553741,3,1
554588,3,3
555953,3,2
556587,2,2
556709,3,3
556858,1,1
557849,3,3
560311,0,1
561774,1,1
563556,3,3
563631,2,3
564700,3,3
564841,3,3
565399,0,0
570113,3,3
571571,0,0
572909,3,3
573377,1,2
573697,3,3
574529,2,3
575733,1,1
577352,2,3
577414,1,1
578034,3,1
578655,1,1
578823,3,3
579343,1,1
581614,1,1
582950,0,1
584940,1,1
586132,3,3
586921,3,3
587783,1,1
588274,0,0
588707,0,1
589023,3,3
590626,3,3
590877,2,3
590961,3,3
592051,3,3
592775,1,1
593103,1,1
593823,0,0
594851,2,3
595164,1,1
595182,1,0
595324,2,3
595847,1,1
596157,1,1
596699,3,3
597181,2,3
598074,3,3
598666,3,3
600547,3,3
600859,3,3
602030,3,2
603791,2,2
604164,3,1
604571,1,1
604665,3,3
605571,1,0
605926,3,3
606282,1,1
606724,1,1
606930,3,3
607413,3,3
608243,1,1
608504,3,2
608753,2,1
609450,3,2
609645,2,2
610234,3,3
611865,3,3
612023,2,2
613417,2,3
613441,3,3
613501,1,1
614952,3,3
616439,3,3
617365,1,1
618514,3,3
618606,3,2
618744,3,3
619447,0,0
620243,3,3
620356,3,3
620485,3,3
620918,3,2
621656,1,1
622368,1,1
622652,0,0
622804,3,3
623605,2,1
623667,1,1
623707,3,3
623780,2,1
624126,3,3
624127,1,2
624134,2,1
624354,3,3
625078,3,3
625108,0,0
625267,3,3
625423,3,2
625740,2,1
625822,0,0
626055,2,3
626173,3,3
626252,0,0
626417,3,2
626516,2,3
626712,3,2
626772,3,3
627066,2,2
627374,1,2
627395,3,3
627500,3,3
627636,3,3
627711,3,1
628383,1,0
628846,3,3
629613,2,3
629632,3,3
629798,3,1
629890,2,1
630086,1,1
630514,3,3
630635,2,2
631051,3,3
631657,3,3
631770,2,3
631929,3,2
632134,3,3
632242,3,2
632313,0,0
632546,2,1
633256,3,3
633341,2,3
633432,3,3
634279,2,3
634433,2,3
634507,1,1
634523,3,3
634618,0,0
634878,1,1
635416,1,1
835603,3,3
917586,0,0
1462676,3,3
1541906,3,3
1568828,0,0
1638548,3,3
1656486,3,3
1668504,3,3
1780737,3,3
1855583,1,1
1877732,3,3
1888343,1,1
1906919,1,1
1922200,2,1
1942999,3,3
2044299,3,1
2063578,0,0
2109119,1,1
2147713,1,1
2258228,2,2
2347802,0,0
2365009,3,3
2418732,0,1
2433069,0,1
2454878,2,3
2471283,1,1
2488382,1,1
2498388,1,1
2513997,2,1
2517778,3,3
2558365,3,3
2564711,0,1
2576298,3,3
2581603,1,1
2591014,3,3
2602235,3,3
2629436,2,3
2639310,1,1
2658268,2,2
2681198,3,3
2682834,3,3
29639,1,1
37652,0,0
48635,3,3
80868,1,1
112454,1,1
125777,3,3
152626,3,3
160536,1,3
238255,3,3
242636,2,3
244738,0,1
253496,3,2
266558,2,3
283618,3,3
285412,3,3
286658,0,1
294112,2,1
307789,3,3
308953,2,3
310765,1,0
311332,2,1
311862,1,1
316454,3,3
320153,3,2
325497,3,3
338983,3,2
342799,1,1
355935,1,1
356297,2,3
359657,3,3
366367,1,1
378576,3,2
379255,2,1
387944,2,1
389250,2,3
391466,2,2
393094,3,3
394791,1,1
405125,3,3
406254,3,3
409733,1,1
409953,1,1
410176,2,1
411549,1,1
415631,1,1
421111,2,3
426316,3,2
427390,2,2
432478,2,2
443964,0,0
445921,3,3
446439,1,1
446778,3,1
465281,3,3
466372,2,1
466430,3,3
472309,2,3
475734,2,1
479987,3,3
485920,3,2
488617,2,3
491926,3,3
492537,2,2
496845,1,1
499420,0,1
499813,0,0
501146,2,1
502004,3,3
503400,3,3
507031,3,3
508637,0,1
509177,3,3
509710,2,3
512546,3,2
515734,2,2
519116,3,3
519506,1,3
521292,1,1
522257,1,1
524851,3,2
526235,2,2
526601,3,3
528021,3,3
528700,3,3
529179,3,3
529309,3,3
539408,3,3
540509,3,3
541040,3,3
541531,1,1
546400,3,2
549769,3,1
550545,3,1
550702,0,0
550814,1,1
552255,3,3
552498,1,1
553599,0,0
553741,1,2
554266,3,3
554459,2,2
556251,1,3
556440,2,3
556450,2,3
556476,2,3
556645,2,1
556788,3,3
560064,2,1
560399,3,3
561113,3,2
563016,1,0
564714,2,2
565840,3,3
566938,0,0
567304,1,0
567451,3,1
567597,1,0
568948,0,1
569049,3,3
570717,3,3
570985,1,1
572588,3,2
573920,3,2
574056,3,3
574507,3,2
574508,3,3
574586,3,1
574720,1,2
576251,0,0
576876,3,3
578823,3,2
579052,3,3
580384,0,0
580714,1,1
581179,1,1
581914,3,3
582395,3,1
582651,3,1
583293,0,1
586046,2,2
586750,2,1
586921,3,2
587244,2,2
589441,3,3
592051,1,2
595988,3,3
596812,3,3
596860,3,3
597436,0,0
598963,1,1
599663,3,1
600350,3,3
600547,3,2
600869,3,2
600898,3,3
601054,3,3
602030,2,3
602533,0,1
602856,3,3
602973,1,1
603129,1,3
603979,3,3
604164,1,1
604379,3,3
606036,3,3
608422,1,1
609537,0,0
609852,1,0
610234,1,0
611520,3,3
611813,0,0
612187,1,2
612439,2,2
613122,2,2
613644,3,3
614623,3,3
615242,2,3
615426,3,3
616439,2,2
618875,2,1
620243,2,1
620652,1,3
624126,3,3
624209,1,1
624354,2,3
625078,3,2
625541,2,1
626407,2,1
626417,1,1
626753,3,3
628008,3,3
628361,0,0
628376,1,1
628717,3,1
628846,1,1
629405,1,0
629523,0,0
629535,2,2
630177,1,1
630891,3,3
631851,0,0
631924,1,1
632134,2,2
633047,2,3
633157,3,3
633238,3,3
633328,3,0
633655,0,0
633914,1,1
634600,2,1
636783,0,0
637070,1,1
637089,3,3
637691,2,1
638504,3,3
640109,3,3
640773,1,1
642261,3,2
642744,3,3
642817,1,0
642838,1,1
642850,0,1
643457,3,3
644416,0,1
644828,1,1
645160,3,3
645219,3,3
645369,1,0
646589,1,1
646998,1,1
647417,3,3
647947,3,3
648314,3,3
648536,3,3
648654,3,3
648868,3,3
650511,0,1
650850,3,2
651058,2,3
651651,3,3
651764,0,0
652894,2,2
653062,3,3
653278,1,0
653352,3,3
653887,3,2
654960,3,3
655353,1,0
655890,0,0
655927,1,1
655988,3,3
656026,3,3
656642,1,2
656978,3,3
657210,2,3
674808,1,1
675374,1,1
675504,0,1
676138,3,3
676366,3,3
676650,0,0
676916,1,1
677085,1,1
678194,2,1
678204,1,1
678393,2,1
678860,3,1
679037,3,3
679271,3,3
680002,0,1
680333,3,3
681642,1,0
682041,3,3
682259,2,3
683373,0,1
684643,2,3
684944,3,3
684990,2,1
685236,3,2
685474,3,1
685597,1,1
685619,3,2
685849,1,1
685871,0,0
686411,0,0
686957,1,1
688271,3,3
688356,1,1
688537,2,2
689246,1,0
689792,1,3
691069,1,1
691177,2,3
691218,2,1
691433,2,3
692105,0,0
692363,3,3
692490,1,1
692603,0,0
692850,3,3
693204,1,1
694212,3,1
694579,1,1
694807,3,1
694914,3,3
695232,0,0
695340,3,2
695518,1,1
695946,1,0
696271,0,0
697120,3,3
986561,1,0
1023623,1,3
1031884,0,1
1068316,2,2
1118218,3,3
1501577,0,1
1592048,0,0
1593442,1,1
1638548,3,3
1639743,3,3
1656486,3,3
1674799,1,1
1738582,0,0
1752098,1,1
1808622,1,1
1826819,0,0
1829051,3,3
1851108,0,0
1915824,1,1
1942491,1,1
1982166,1,1
2009279,3,3
2044299,3,1
2070517,0,0
2083701,1,1
2112670,3,1
2133234,3,2
2138904,3,3
2149324,3,2
2154220,3,1
2166000,3,1
2178686,0,0
2268049,3,2
2316201,1,1
2333156,0,0
2338535,3,3
2339333,1,1
2439239,3,3
2469688,1,1
2517389,1,1
2590948,2,3
2593689,1,1
2595204,2,3
2619025,1,1
2627491,3,3
2672114,3,3
2681198,3,2
2686712,2,1
76536,2,2
77763,1,0
89051,1,1
96592,1,1
117939,3,3
128678,2,2
131145,1,1
134188,1,1
134336,2,1
141766,3,3
166342,1,1
169894,3,1
177817,3,1
177981,1,1
179892,1,1
236620,1,1
241971,3,3
257110,3,3
257369,3,3
263524,3,2
269676,1,1
281118,1,1
282193,1,1
283618,1,1
284326,2,2
285475,1,1
292694,3,3
298497,1,2
308767,2,2
311117,3,3
321525,1,1
331232,1,1
335264,3,2
335607,3,3
336696,1,1
338076,1,1
338669,3,2
344367,2,2
345257,2,1
345313,2,1
345568,2,1
351775,1,1
357595,3,3
364440,3,3
366024,2,1
370949,1,1
379199,2,3
381646,1,1
382497,1,1
383701,2,1
384246,1,1
391638,3,2
392021,3,1
393150,2,3
395288,3,2
399450,2,1
400611,3,3
405426,2,1
409091,1,0
412431,3,3
415695,2,1
418122,1,1
419273,2,1
424987,1,1
426701,3,3
430279,3,3
431005,3,2
434767,3,3
435780,3,1
438244,2,1
440857,3,2
441113,1,1
442545,1,1
443500,3,3
444713,3,3
467294,1,1
467413,1,1
467822,1,1
470637,3,2
472060,3,1
473008,1,1
474133,2,1
474153,3,2
476093,2,3
484816,2,1
485519,3,3
485532,2,3
489291,2,1
499056,1,1
500136,1,1
501158,1,1
502554,0,1
503100,3,2
504246,3,3
504819,2,1
506056,2,1
506785,1,2
509634,3,1
511569,3,3
515812,3,3
517726,3,2
520751,3,3
521160,1,2
521709,1,1
521742,2,1
521755,3,3
524020,3,3
524374,3,3
527081,3,3
528642,3,3
529384,3,3
529525,3,2
531924,1,1
532695,2,1
533877,0,1
534219,2,3
536536,1,1
537138,1,1
538069,3,3
538701,1,1
539043,2,1
539066,1,1
540310,1,1
540592,2,1
540758,2,3
541202,3,1
541228,2,1
541977,2,2
542476,3,3
543482,3,2
543919,1,1
544053,1,1
544284,2,1
544296,3,3
544367,2,3
544839,0,0
545115,2,2
546054,1,1
546293,3,2
546403,3,2
546675,1,2
546804,2,1
546862,1,1
547445,1,1
547522,2,3
547679,2,2
547784,3,2
548132,3,3
548371,2,3
548993,3,3
549334,3,3
549795,1,1
550348,2,3
550371,2,2
550545,1,1
550604,1,1
551573,1,1
552030,3,3
552255,3,3
552327,3,3
552635,1,1
552955,2,1
553275,1,1
554588,3,2
554881,2,2
554995,1,0
555428,2,3
556360,3,2
556373,0,1
556575,0,1
556774,0,1
557045,1,1
557247,3,3
557850,2,3
558645,2,2
558678,1,1
558837,1,1
559261,3,3
559930,2,2
560179,1,1
560311,1,1
560444,1,2
560743,3,1
879295,3,3
987203,3,2
1044992,1,1
1060973,3,3
1068316,1,1
1347447,1,0
1510198,1,1
1622020,3,1
1730611,3,3
1906919,2,1
2002727,3,2
2036685,2,2
2063578,0,1
2140311,1,2
2154361,2,2
2155857,3,3
2330534,2,1
2406709,0,0
2421609,2,2
2435965,3,3
2459878,1,1
2498388,1,1
2502707,3,1
2543267,2,1
2604660,3,2
2636225,1,1
2636885,3,2
2652066,3,3
2667605,3,3
8462,3,0
30549,2,2
31269,3,3
33897,3,2
34087,3,3
34653,2,3
39411,2,3
40563,1,1
74502,1,1
80868,1,1
91354,3,3
126394,1,0
160178,3,3
165178,3,3
172965,3,3
173370,1,1
184025,2,3
204505,1,1
228888,1,1
230510,2,3
234406,1,1
236150,3,3
242472,2,1
244738,1,1
248695,2,1
250163,1,1
257167,1,1
263524,2,2
266558,1,1
269065,3,3
271206,2,3
274712,2,2
282317,1,1
285557,1,1
292694,2,1
293853,1,1
298402,1,1
298911,3,3
311117,3,2
314123,3,3
315625,1,1
315730,1,1
319479,3,3
325497,2,1
334255,1,2
337314,3,3
341855,3,3
342387,2,1
348050,1,1
349182,2,3
350949,3,3
352051,1,2
352771,1,1
356274,2,3
373280,3,3
378825,1,1
380253,1,1
385495,3,3
390690,1,1
391638,3,3
394951,3,3
396668,1,1
399453,1,1
399935,2,3
407374,0,1
408239,1,1
409953,1,1
412175,3,2
415151,3,3
429212,1,1
431005,1,2
437923,1,2
439568,0,1
442547,2,2
442878,2,1
445785,3,3
445917,0,0
465418,3,3
466880,1,1
468927,1,1
472060,2,3
474246,2,2
474508,3,3
476170,2,3
481667,1,2
485519,1,1
485594,2,1
488198,2,3
489209,1,1
491912,3,3
491926,1,1
497229,2,3
497590,1,1
499392,2,2
500785,3,3
501488,3,1
504034,3,3
505142,3,3
507115,2,3
508227,3,3
508615,3,3
508637,1,1
509279,1,1
510873,1,2
511282,1,1
513007,2,3
513204,3,3
514934,3,3
515247,3,3
518951,2,2
522312,1,1
524730,3,3
524791,2,2
525800,3,3
526659,3,3
526679,1,1
528892,1,1
530270,3,3
532116,1,1
533988,1,1
535351,2,3
536199,1,1
544499,3,2
546293,2,2
546403,3,3
547737,1,1
547784,2,1
548027,1,1
548851,3,3
550814,1,1
552003,3,3
553832,2,3
554356,1,0
557247,3,3
559140,1,1
559908,1,1
560870,3,3
561807,0,0
561881,0,0
562100,3,3
562758,3,3
563016,1,0
566445,3,3
567167,1,1
567304,1,2
567451,1,1
568296,3,3
568598,1,1
568948,1,1
569279,2,2
570237,1,1
570896,1,1
571055,2,3
571512,1,1
571682,3,3
572038,3,3
572060,1,1
572134,2,3
572774,1,1
572909,2,2
573284,3,3
574529,2,2
574627,3,2
574720,1,1
576031,3,3
576251,0,0
576314,2,1
577414,1,1
577558,3,3
578303,1,1
578823,1,1
580516,1,1
580595,3,3
580714,0,0
581593,1,1
581818,3,3
582026,2,3
582554,2,1
583293,1,1
583335,2,3
583540,1,1
583570,2,3
583946,1,1
585579,3,3
586609,3,3
588707,0,0
589458,1,1
589569,3,3
589584,2,1
589630,3,3
590392,1,1
590482,1,1
590789,1,1
590828,3,3
591071,1,1
591852,3,3
591980,2,3
592173,3,3
592577,1,1
593103,1,1
593345,3,3
593475,3,3
593903,2,1
594925,1,1
595396,3,1
595601,2,2
595988,1,1
596629,2,3
597178,3,3
597428,1,1
597602,1,1
597726,2,3
597924,3,3
598123,3,3
598323,3,3
598989,1,1
599068,1,1
599177,1,2
599206,2,3
599742,3,3
600859,3,3
601088,2,1
601204,3,1
601270,3,3
601310,2,2
601392,3,3
602312,3,3
602453,3,3
602706,3,3
602725,2,3
602856,0,0
605476,1,1
606319,1,1
606513,3,3
606788,0,1
607515,3,3
608630,2,3
609089,3,3
610106,3,3
610393,2,3
610701,2,3
611418,2,2
835603,3,3
1282596,2,1
1449692,1,1
1485105,2,3
1563203,2,3
1592048,3,3
1684787,3,1
1716492,2,1
1877732,3,3
1894634,1,2
2034802,0,0
2068627,3,3
2089582,1,0
2252750,1,1
2284294,0,1
2314761,3,2
2340230,1,1
2359191,1,1
2366701,3,3
2382048,0,0
2437065,0,1
2473456,1,1
2540195,2,2
2550054,2,2
2576298,2,3
2588379,2,3
2595968,3,3
2597673,3,2
2602235,2,2
2630796,3,3
2636885,2,3
2639310,1,1
2646291,1,1
2662178,1,1
2662451,3,3
2681198,3,2
2683696,3,3
31269,3,3
50619,3,3
53632,3,1
61911,2,3
76081,3,3
88490,0,0
90537,1,1
138204,2,3
138704,1,1
141497,2,3
152320,3,1
161286,3,3
165178,2,2
172965,3,3
183331,2,2
189178,2,1
227826,3,3
232827,0,0
239459,1,1
266922,1,1
285412,1,2
287499,3,3
288407,3,3
309756,2,2
325566,2,2
333308,1,1
339513,1,1
352308,3,3
352600,3,3
355309,0,1
355935,1,1
356297,1,1
356705,3,3
360759,3,1
367127,1,1
370865,1,1
373795,3,3
375856,1,1
384372,2,3
385947,3,3
386849,3,3
393094,3,2
394020,2,3
395288,2,2
400599,3,3
407115,2,2
415151,2,3
415695,2,3
418453,1,1
440798,2,2
445857,1,1
464592,2,2
464685,1,1
466714,3,2
473265,3,3
474153,2,1
477063,2,3
484213,1,1
491912,3,3
492537,1,2
493055,3,3
501487,0,1
502004,1,1
522129,3,3
525635,2,2
528330,3,3
540758,1,1
541000,1,1
543356,3,3
543976,3,3
544499,3,2
546403,3,2
548292,1,1
548371,2,2
551171,1,1
552003,0,0
552255,1,2
554588,2,2
561906,3,3
563631,2,3
565840,2,1
566240,1,1
567595,0,1
571397,1,1
575603,1,1
575792,1,1
585830,0,0
588749,3,3
588752,2,1
589569,3,3
590410,3,1
591852,3,3
595193,1,1
601093,1,1
601270,3,2
602454,1,2
602533,0,1
605596,1,1
606884,2,3
607939,2,3
609089,3,3
609681,3,2
609708,2,2
609852,0,0
611493,2,3
611520,3,2
611865,3,3
612111,3,3
612439,1,3
613107,1,1
613834,1,1
613876,2,3
617401,3,3
617771,3,2
618300,3,3
619908,3,3
619939,2,3
620060,3,3
620106,3,3
620243,1,2
620734,0,1
620925,3,2
621615,0,1
622175,2,1
622199,3,3
622614,2,3
622790,3,3
622844,3,3
623541,1,3
623917,2,3
623932,2,3
624052,1,1
624358,1,1
624407,2,1
624651,3,3
624804,1,1
624881,1,1
625080,3,3
626018,2,2
626238,1,0
626417,0,1
626556,1,1
626798,3,2
627333,1,3
627367,3,1
627638,3,2
627690,3,3
627772,1,1
627882,0,0
628008,1,1
628099,1,1
628246,1,1
628376,1,1
628956,1,1
629039,3,2
629055,1,1
629405,1,1
629632,3,2
629673,2,3
629877,0,1
630009,3,3
630432,1,1
630948,1,1
631029,2,1
631240,3,2
631355,2,3
631560,3,3
631813,2,1
631851,0,0
632314,3,2
632504,2,2
632845,1,0
632898,2,2
633325,1,1
633341,3,3
633477,3,3
633510,2,2
634106,1,1
634107,3,3
634508,3,1
835603,3,3
879295,0,2
1031884,0,1
1175060,3,3
1592048,0,0
1614808,3,3
1804143,3,2
2002727,2,2
2173688,2,3
2261142,2,1
2266889,1,1
2348961,1,1
2356318,2,2
2357168,3,3
2365009,3,3
2366701,3,3
2371311,2,3
2399951,2,2
2414973,1,2
2444109,3,2
2465186,2,3
2502707,3,3
2521837,3,3
2608626,0,1
2637219,0,0
2660408,1,1
2661162,1,1
2675343,1,1
2683696,3,3
2684847,1,1
2686865,1,2
2692577,0,1
8462,3,2
33796,1,2
33897,3,2
34087,2,1
53632,2,2
69239,3,3
73019,2,2
76081,1,1
80775,1,1
91470,1,1
104215,3,3
110524,1,1
124210,3,3
125830,3,1
131152,2,1
136135,1,1
146943,3,0
152320,1,1
154073,2,1
160181,3,1
169894,1,0
172965,1,1
175804,3,3
234552,1,1
236150,3,3
270502,1,1
275309,3,3
276935,1,1
281172,1,1
281252,3,3
281799,3,2
307116,3,1
331526,3,3
341855,2,2
351080,2,1
359657,3,3
370274,1,1
371019,1,1
373280,2,2
373795,3,3
385495,2,2
385563,1,1
393094,3,2
393727,1,1
395980,3,3
398816,1,1
407487,2,1
409120,3,2
411549,2,1
414094,2,1
414963,1,1
418851,3,3
420344,3,1
421185,1,1
434767,3,3
435536,3,3
444766,1,1
446097,1,1
447510,1,1
464968,1,1
466714,3,3
467893,1,1
474246,2,3
475908,2,1
477556,2,1
485421,1,2
486287,1,1
488941,0,0
492254,3,3
493826,3,3
496916,1,1
498326,3,3
504034,3,2
508615,2,2
508829,3,3
516562,2,2
519116,3,3
524020,3,3
528175,3,3
535351,2,3
537463,3,3
543976,3,2
545127,3,3
548851,3,2
562100,3,3
567281,3,3
567597,3,3
568297,2,1
575200,3,3
577359,3,3
578646,1,1
580458,1,1
586315,1,1
587375,1,1
587777,2,2
588383,3,3
590562,1,1
590753,2,2
591852,3,3
593903,1,1
594071,1,1
595396,3,2
595883,2,1
596359,1,1
598123,3,3
599270,3,2
599742,3,3
600033,1,1
602029,1,1
602318,0,0
602528,1,1
603490,3,3
606089,3,3
608842,1,1
609681,3,3
610197,1,1
610828,2,1
611159,1,1
611865,2,2
619055,2,3
622597,3,1
623641,1,1
625502,3,2
626552,3,3
626630,1,1
627367,3,2
629379,1,1
629703,1,0
631240,2,2
631486,3,3
631960,3,3
632314,2,1
632831,2,2
633525,3,3
634035,3,3
634508,2,1
634646,0,1
635992,0,0
636594,0,1
637374,2,1
637691,1,1
638023,3,3
640773,2,1
640942,0,1
640975,1,1
640982,1,1
641557,3,3
641613,3,3
641896,1,1
642744,3,3
642838,1,1
644457,1,1
645147,2,1
645219,1,1
646344,1,1
646589,2,2
647373,1,1
647604,2,3
647824,3,3
647947,3,3
648570,1,1
648947,3,3
649078,1,1
649230,3,3
650010,0,1
650232,2,1
650243,3,3
650442,1,1
650642,1,1
650850,2,1
650957,1,1
651058,2,3
651481,3,3
651561,1,2
651651,3,3
652293,1,1
652318,0,1
652965,0,1
653031,3,2
653550,0,0
653759,3,1
654341,1,1
655128,1,1
655585,1,1
655816,1,1
656766,0,0
656826,2,1
657077,1,0
657245,1,1
674219,3,3
674440,2,1
675052,3,3
676138,2,0
676368,3,3
676766,3,2
677601,2,3
677988,3,2
678490,1,1
679897,1,2
680996,1,1
681210,3,3
681356,1,1
681425,1,1
682031,3,1
682117,1,1
682819,2,1
684215,3,3
684241,0,0
684407,0,1
684886,3,3
685069,3,2
685474,3,3
685615,1,1
685661,3,3
686312,1,1
686384,3,1
687777,3,3
687835,1,1
688911,1,1
689231,1,1
689418,1,1
689900,3,3
690192,1,0
690783,2,2
690884,2,2
691069,1,1
691761,1,1
692603,0,1
692664,3,3
692850,3,3
693565,3,3
695473,3,3
695916,1,1
696072,1,1
697433,2,3
1484626,3,3
1526210,2,1
1684787,1,2
1804143,1,1
1822731,2,2
1855583,1,1
1917311,1,1
2008795,2,1
2009279,3,1
2025354,0,0
2057959,0,0
2290604,1,2
2314761,1,1
2357019,1,1
2452111,3,3
2481629,1,1
2499525,1,1
2509321,1,1
2612342,2,1
2675393,2,3
2685863,1,1
76579,3,3
101414,3,3
160536,1,1
171107,3,3
173834,1,0
227192,1,1
248734,3,3
250047,1,0
269764,1,3
278786,3,3
282585,2,3
283133,0,0
290382,0,1
330530,3,3
338894,1,1
357493,2,3
391466,1,1
394060,1,1
406121,1,1
412911,1,1
425714,2,3
434562,0,0
442807,1,1
442937,3,3
446324,1,0
466430,3,3
466961,1,1
467363,3,3
469959,2,2
472857,1,1
473739,1,1
482012,1,0
485374,1,1
485909,1,1
486964,2,2
487621,1,1
490327,3,3
493743,3,3
495887,1,1
503015,3,3
507300,2,2
508829,2,2
515821,2,3
516047,3,3
528021,1,1
534371,1,0
541040,2,1
543474,1,1
543576,2,2
547173,0,1
547424,1,1
554459,2,2
556450,2,3
556645,1,1
556709,2,1
560326,3,3
560502,2,1
564700,1,1
564714,1,1
571186,1,1
572024,1,1
573242,3,3
573336,1,1
573377,1,1
573920,1,1
574038,1,1
574101,2,3
574507,1,1
574586,1,0
574608,1,0
574983,1,2
575318,2,3
575401,0,1
575733,0,1
576036,1,1
576834,3,3
577352,3,3
578034,1,0
578472,2,3
579343,0,0
579723,1,1
581179,1,1
581439,2,3
581914,1,2
582170,3,3
584567,2,3
586046,1,1
586132,2,0
586750,1,1
586921,1,1
587226,2,3
588383,3,3
588835,1,2
589023,3,3
589484,3,2
589902,1,1
590017,0,1
590626,1,1
590877,1,1
590942,3,3
590961,3,1
591165,2,3
592051,1,1
593845,2,3
594517,1,1
594851,2,3
594864,2,1
595182,0,0
595990,3,2
596137,3,3
596812,1,1
597181,2,3
598074,0,1
598963,0,0
599768,1,1
599982,3,3
600350,1,0
600547,1,0
600869,1,3
601054,3,3
601157,3,3
602659,3,3
602663,0,1
604393,1,1
604875,3,3
605587,3,3
605926,3,3
606724,1,0
607178,1,1
607883,3,3
608243,0,0
608504,1,1
609490,3,3
612187,0,1
612199,3,3
1541906,2,1
1638548,1,3
1667346,1,0
1994610,3,3
1995532,0,0
2109119,0,0
2408307,0,0
2418732,0,0
2487990,1,1
2619025,0,1
2641254,1,1
2657915,0,1
2670012,3,3
25150,1,1
27780,1,3
29639,1,1
69239,3,3
70537,1,1
83219,1,1
148282,2,3
156594,1,1
165376,1,3
182400,2,2
244166,2,1
250092,2,3
266040,3,3
278786,2,1
303774,3,2
308391,3,3
421111,1,2
426316,1,1
426616,1,1
446295,2,2
480928,3,3
485920,1,1
494872,2,2
503872,2,2
504728,1,1
516238,1,1
540509,1,1
542050,1,1
546400,3,3
548261,2,2
561774,0,0
563902,3,2
571946,3,3
572249,2,3
574508,1,1
576876,0,0
577352,2,3
581269,1,1
588274,0,0
589260,1,1
592666,1,1
599056,1,1
601054,1,1
603531,1,1
603791,2,2
604571,1,3
604665,3,3
607413,3,3
609450,2,3
609645,1,1
610234,0,0
612023,2,3
613122,1,1
613501,1,3
613790,3,2
614234,0,1
614245,1,1
614754,1,1
614952,3,3
615242,2,2
616439,1,1
617309,3,3
617365,0,1
617455,1,1
617531,1,1
618514,3,3
618606,1,1
620918,3,3
622368,1,1
623111,3,3
623667,1,0
623780,1,1
624126,3,3
624384,3,2
625541,1,1
625740,1,1
625901,3,3
626055,2,3
626407,1,1
626494,2,2
626516,2,1
626749,1,1
626753,1,1
626772,2,2
626789,3,3
627500,3,3
627636,1,1
627711,1,1
628686,3,3
629627,3,3
630086,1,1
630514,3,3
630635,1,1
631051,3,3
631657,3,3
631807,3,3
632376,3,3
632800,2,1
633432,2,2
634433,2,2
634600,1,1
1573624,1,1
1780737,2,3
1863564,3,3
2600862,0,0
76579,1,2
89545,1,1
162210,0,1
164708,3,3
189117,0,1
195897,1,1
202606,1,0
241728,0,0
243926,2,3
247653,3,3
253496,1,2
298148,1,1
316454,3,3
318769,1,1
360266,0,0
378825,1,1
387944,2,3
396674,1,0
404200,1,3
404695,1,1
405125,0,1
408763,1,1
418216,0,1
441895,1,1
466430,3,3
472845,2,3
474290,1,1
479987,1,1
502004,1,1
507967,2,2
510435,3,2
546400,3,2
554459,1,2
556450,2,2
560707,1,1
564734,1,1
567926,3,3
569372,0,0
570045,1,0
570278,3,3
575623,0,0
578469,1,1
579052,1,1
591761,1,1
592047,1,0
592843,0,1
593038,1,1
594629,1,1
597252,3,3
600898,3,3
604875,3,3
605836,0,0
610373,0,1
612157,2,3
613644,2,3
617309,2,2
620536,3,2
624126,2,3
625797,2,1
627312,1,1
627457,3,3
627500,2,3
628717,3,1
628741,1,1
629535,1,1
631113,1,1
631807,2,3
633914,1,0
637401,1,0
637601,3,3
637846,3,2
640109,2,3
640439,1,2
640658,3,3
643077,1,0
643168,1,1
643267,1,1
643457,1,1
644113,0,0
646005,0,1
646581,2,2
646815,2,1
646998,1,1
647466,1,1
648436,1,1
648654,1,2
649230,3,3
649310,2,3
649738,1,0
649783,3,3
649843,1,1
650137,3,3
650471,1,0
650770,0,1
650950,2,2
651015,1,1
651086,3,3
651155,0,1
651191,3,3
651337,1,1
651361,3,3
652880,1,1
652894,2,2
653210,1,1
653352,1,2
653360,3,3
653665,1,1
653887,1,1
654240,0,0
654676,1,1
655383,3,3
657002,0,0
657091,3,3
657128,1,1
657194,0,1
657210,2,2
674808,1,3
675162,1,1
675374,1,1
675773,1,1
675853,3,3
677049,2,2
677232,2,2
677772,3,3
678194,0,0
678310,3,3
678393,2,3
678860,3,0
679037,3,3
679631,1,1
680333,3,3
681200,1,1
682041,3,3
682259,1,2
682673,3,3
683492,2,1
684225,1,1
684567,1,1
684825,1,1
684944,2,2
685199,1,1
685236,3,1
685370,1,1
685668,1,0
686339,3,2
686564,0,0
687574,1,0
689288,1,1
689309,2,2
689618,3,3
689763,2,1
690470,3,3
690917,0,0
691218,1,1
691248,2,1
692991,1,1
693478,1,1
694548,3,3
694579,1,1
694779,1,1
695921,2,2
697120,3,3
697781,1,1
699170,2,1
1483814,0,1
1674799,0,0
1895288,0,0
1910737,1,1
1943214,3,3
2065756,1,1
2067969,1,1
2281441,1,0
2286544,1,0
2338535,2,3
2340230,3,3
2355274,1,1
2566474,3,3
2579558,3,2
2654928,1,1
2686712,2,3
43430,1,0
49095,3,3
50263,1,1
58549,0,1
65656,1,1
74113,2,2
77998,3,1
80745,1,1
82817,1,1
96729,1,1
111775,1,1
118532,1,1
119353,1,1
125996,1,1
131272,1,1
134578,2,3
135075,1,1
139949,1,1
149567,3,3
150763,1,1
151465,1,1
161658,2,3
165617,2,3
169555,2,2
169858,1,1
185496,2,1
189720,2,2
199244,1,1
199446,1,0
200773,2,1
203050,1,1
227401,2,1
232675,2,2
234661,3,2
237401,1,1
244918,1,1
246112,2,3
254044,1,1
269677,2,3
273605,2,3
276314,2,1
278282,3,3
282879,1,1
284395,3,3
285391,1,1
291960,1,1
296911,3,3
302924,1,1
314507,1,1
318241,2,1
328476,1,1
331318,2,2
336362,2,1
337189,1,0
342125,3,3
345064,1,0
346853,2,1
354171,1,1
359417,2,1
359883,1,1
360024,3,2
363749,1,0
367696,2,2
377274,1,1
379234,2,2
383018,2,3
383558,2,1
387174,1,1
388323,2,2
392691,3,3
393918,2,1
393934,2,1
395010,3,3
396679,2,1
396739,1,0
400087,1,1
401812,2,2
403158,3,3
404135,1,1
405314,3,1
408372,1,2
408651,2,1
408762,3,3
410874,2,3
412102,1,1
415952,1,2
420720,1,1
420894,1,1
422340,1,0
427228,3,3
431268,3,2
432532,0,1
434298,2,3
443696,2,1
443989,0,0
466329,2,3
472810,3,3
479356,1,1
480981,2,3
483620,1,1
484165,2,2
485544,2,2
488386,3,3
488968,0,0
490156,2,3
490195,1,1
495318,3,3
496470,1,1
496561,2,3
499244,3,3
501493,2,3
503134,3,3
503544,2,1
504190,2,3
506092,3,3
506930,2,3
508288,2,3
508830,1,1
508927,2,1
509177,3,3
514903,1,1
515070,2,3
515844,2,3
516435,2,1
517850,2,1
519500,3,3
519969,2,2
520153,3,3
520307,3,3
523142,2,1
523841,2,3
524609,3,3
526303,3,3
526896,1,1
527991,2,2
528662,2,1
528734,1,1
528782,3,3
529412,2,3
529486,1,1
529689,1,1
529871,1,0
529991,2,1
530852,3,3
531124,1,1
531294,1,1
531448,2,3
532436,1,0
532715,1,1
533348,3,2
533485,1,1
533614,0,1
534234,2,3
534346,2,2
534609,2,3
534784,1,1
534952,1,1
534989,1,1
535981,3,3
537335,3,3
537515,1,1
538202,1,1
539308,2,2
539332,1,1
539359,0,0
539953,2,2
540155,3,3
540577,1,1
540713,1,1
540800,1,1
541753,1,1
542062,3,3
542386,0,0
542536,1,1
542657,3,3
543436,2,1
544543,2,3
544697,2,2
544955,3,3
544991,1,1
545048,2,1
545379,1,1
545384,2,2
545693,3,3
546408,2,2
546868,2,3
546925,1,1
546932,1,1
548057,2,1
548099,1,1
548459,1,1
548741,2,3
548857,1,1
548948,3,3
549093,2,3
549504,3,3
549505,3,3
549596,2,1
549790,1,1
549904,2,3
550026,1,0
550651,1,1
550797,1,0
550813,1,1
550866,2,3
550909,2,2
550933,1,1
551052,3,3
551482,2,3
551495,2,2
552142,1,2
552580,3,3
552721,1,1
552740,3,3
553325,2,1
553649,1,1
553813,2,1
553841,2,2
554044,1,0
554152,3,3
554236,1,1
554620,1,1
554908,0,1
554940,2,1
554946,2,3
555110,3,3
555250,1,1
555444,1,1
555503,1,1
555609,3,3
556251,1,1
556429,1,1
556440,1,1
557203,2,1
557345,0,0
557588,3,3
558098,1,1
558104,1,0
558244,3,2
558280,1,1
558489,1,2
558558,0,0
558770,1,1
558957,3,3
559405,2,3
559423,0,0
559440,1,1
559609,1,1
559656,3,3
559760,1,1
560010,2,3
560022,1,1
560431,0,0
1668504,0,1
1689730,1,1
1742834,1,1
1839785,3,3
1870830,1,1
1905259,0,1
1966591,0,0
2012900,3,3
2054019,1,1
2068918,3,2
2141085,1,1
2281483,1,1
2288493,3,3
2346679,1,1
2407762,2,1
2434017,3,3
2439239,1,1
2552831,2,3
2568893,3,3
2578996,1,1
2581800,3,2
2610837,3,3
2676920,1,1
50487,1,1
58640,1,1
72864,1,1
86669,1,1
100064,1,0
116529,3,3
118050,1,1
118176,3,3
133718,2,3
139190,1,1
141648,1,1
144562,2,1
150121,3,3
154191,0,1
160720,3,2
168229,0,0
184925,3,3
227254,2,3
231320,3,3
231606,2,1
235978,1,1
236150,3,3
237387,3,1
262403,1,1
271274,2,2
272623,3,3
273782,1,0
276388,1,1
279750,1,0
284395,1,1
286442,3,3
289826,3,3
291237,0,1
299281,1,1
303937,2,2
313206,2,2
314776,1,1
320437,1,2
321969,3,3
324331,3,2
329655,2,2
330347,2,3
330723,3,3
335726,3,3
339624,3,3
340647,1,1
341470,1,1
341839,3,3
342155,1,1
349676,1,1
352083,3,3
353066,3,3
355335,1,1
359149,3,2
360747,1,1
363273,2,2
367605,1,1
370934,3,3
377705,2,1
385195,1,1
393698,3,3
405314,2,2
406254,1,1
416426,3,3
421070,3,3
424069,3,3
424171,1,1
439203,2,2
444266,1,1
444697,1,1
447459,2,3
467504,1,1
478332,1,1
480910,3,3
484125,2,2
485671,1,1
486511,1,1
494143,2,3
498972,2,2
501425,1,1
502696,3,1
503477,1,1
504105,1,1
508274,0,1
508630,2,3
512335,3,2
514558,2,2
522257,1,1
524384,2,3
524938,2,1
526601,1,1
529201,1,1
529309,1,1
529862,0,1
530852,3,2
531953,2,3
536711,3,3
544289,1,1
546065,1,1
548508,1,1
548666,1,1
549300,0,1
549648,1,1
553283,0,1
555895,3,3
557044,1,1
557232,3,3
557481,3,2
557545,1,1
558345,1,1
559428,0,1
559813,1,1
559999,3,3
561386,0,1
561868,1,1
561873,1,1
562763,2,3
564702,1,1
564821,3,3
566009,0,0
566172,3,3
566465,1,1
568444,3,3
568592,2,1
568763,2,2
569167,1,1
570213,2,1
570280,3,1
570717,1,1
570978,1,1
571019,0,0
571044,3,3
571575,3,3
571612,3,2
571828,1,1
571893,1,1
571926,1,0
571927,2,3
572304,2,3
572493,2,3
572505,1,1
572588,0,1
572860,1,1
572871,3,3
572981,3,3
573697,3,3
573766,2,2
574056,2,1
574237,3,3
574470,3,3
574737,3,3
575459,3,3
575875,3,3
576107,1,1
576281,2,2
576390,2,2
576518,1,1
577959,0,1
578259,3,3
579361,3,3
579416,2,1
579557,0,0
579737,1,1
580317,0,0
580771,3,3
580867,1,1
581135,1,0
581219,3,3
581253,2,1
581307,2,2
581614,1,1
581796,1,1
582080,2,2
582251,3,3
582494,1,1
582950,0,0
582992,3,3
583070,2,3
583236,2,2
583824,1,1
584362,3,3
585166,1,1
585466,0,1
586784,1,1
586925,2,3
587435,2,2
587451,1,1
587594,1,1
587783,0,0
587848,1,1
588052,2,2
588128,2,2
588156,1,1
588539,3,3
589196,3,3
589303,1,1
589441,3,1
589559,1,1
589583,0,0
589587,1,1
589843,2,2
590128,2,3
590241,1,1
590466,3,3
590499,2,1
590548,3,3
590555,3,3
590571,3,3
590824,1,1
590907,1,1
591015,3,3
591343,1,2
591394,1,0
592203,0,1
592450,3,1
592563,3,3
592763,1,1
592856,1,2
592924,1,1
593206,3,3
593617,3,3
593823,1,1
593970,2,1
594119,1,1
594205,1,1
594250,1,1
594280,2,2
594341,3,3
594359,2,3
594406,2,1
594506,1,1
594596,1,1
594815,3,2
594956,3,1
595164,1,1
595235,2,1
595428,3,3
595477,2,1
595842,1,1
595847,0,1
595915,3,3
595978,3,3
596521,2,1
596756,1,1
596860,1,1
597074,2,3
597204,1,1
597402,3,3
597761,3,3
598032,2,2
598666,3,2
598752,3,1
599104,1,1
599370,1,1
599570,2,2
599595,3,3
599663,1,1
599805,3,3
600564,3,3
600746,3,3
600944,1,1
600955,3,3
600991,1,1
601040,1,1
601788,1,1
602053,3,1
602312,1,1
602406,3,3
602469,1,0
602577,1,1
603148,3,3
604087,2,1
604184,1,1
604379,1,1
604416,2,1
604581,2,3
604619,3,3
604700,0,1
604766,0,1
604799,1,1
605195,0,1
605571,0,0
605598,1,1
605621,1,1
605993,2,1
606002,1,1
606167,1,1
606930,3,3
606990,1,1
607011,2,2
607247,0,0
607866,3,2
608144,0,1
608198,2,3
608231,1,1
608356,1,1
608422,1,1
608606,3,3
608753,0,1
608827,1,1
609163,3,3
609221,1,1
609367,3,3
609537,0,0
610225,2,2
610258,1,1
610335,3,3
611213,3,3
611245,3,3
973364,3,1
1678617,3,3
1852968,0,0
1954147,1,1
1982166,0,0
1983331,3,3
2056486,1,1
2088982,3,2
2180710,2,1
2252765,0,1
2304417,1,1
2343337,0,1
2366574,3,3
2374002,0,0
2379512,1,1
2382965,3,3
2383780,2,2
2393261,1,1
2454878,1,1
2469688,1,0
2534165,1,1
2555225,1,1
2610837,3,3
2622634,3,3
2630284,3,3
2637239,3,3
2639319,1,1
2641236,3,3
27189,2,3
48635,1,1
58221,3,3
63958,2,3
72114,1,1
74524,2,3
77998,1,2
116621,0,0
128132,1,1
133104,1,1
150121,2,3
152626,1,1
160262,2,3
163962,3,3
181719,3,3
183429,2,1
228138,1,1
237370,3,2
239345,1,1
247714,3,3
255878,1,1
256740,1,1
257104,3,1
276265,3,2
278155,0,0
305876,1,1
305918,2,1
315850,1,1
324948,1,1
326995,3,3
328797,3,3
337940,3,2
342125,1,1
354552,3,3
356371,1,1
362661,1,1
378809,1,1
402200,3,3
406116,3,3
408105,2,3
408353,1,1
416302,1,1
419284,1,1
421989,3,3
422250,2,2
422530,1,1
428068,2,2
431987,0,1
435446,1,1
438796,1,1
439433,1,1
442753,3,2
442819,3,3
468730,2,3
472810,2,2
483195,3,3
484292,3,3
488386,2,1
494818,1,1
499244,3,3
499813,0,0
505017,1,1
505900,3,3
509292,3,1
511912,0,0
513701,1,1
516894,2,3
521032,3,3
526303,1,1
526821,1,1
532413,1,1
536711,3,3
539444,1,1
554881,1,1
557141,3,3
558244,2,3
560399,1,1
560595,3,3
562917,3,3
565348,3,0
571612,3,2
574605,2,2
577142,3,1
578764,1,1
579081,0,0
584990,2,3
589469,3,3
590548,3,2
592766,1,1
593004,3,3
593206,3,3
593617,3,3
594122,3,3
594636,3,3
595428,2,3
595978,2,1
596699,2,1
597761,3,3
598571,0,0
599812,2,1
602862,1,1
604338,1,1
605312,1,1
610272,1,1
611245,3,3
611427,2,3
611517,2,2
611581,3,3
611635,1,1
611798,2,2
611813,0,1
612506,2,3
612530,0,0
612543,1,1
612607,2,3
612880,3,2
613417,2,3
613775,3,3
613900,1,2
614764,1,1
615426,3,1
616913,1,1
617201,1,1
617343,3,1
617945,2,3
617965,1,1
618005,1,1
618744,3,3
618848,3,3
618875,1,1
620004,3,3
620277,2,3
620356,3,3
621433,2,2
621436,1,1
621441,1,1
621475,1,1
621741,2,3
622239,3,3
623474,2,3
623917,3,3
624056,3,3
624187,3,3
624751,1,1
624946,1,1
624975,3,2
624981,1,1
625182,3,2
625306,1,1
625361,2,3
625588,1,1
625753,0,0
625800,3,3
625986,3,3
626047,3,3
626174,3,3
626259,1,1
626419,0,0
626422,3,3
626644,1,1
626692,3,3
626828,1,1
626987,1,1
627238,3,3
627333,3,3
627366,3,3
627395,3,3
627522,3,3
627620,0,1
627679,0,1
627808,3,3
627840,3,3
628117,1,1
628174,1,1
628361,0,0
628561,1,1
628846,3,1
628972,1,1
629404,3,3
629414,1,1
629613,2,3
629873,0,0
630083,1,1
630177,0,1
630264,1,2
630435,2,3
630488,1,1
630804,3,2
630891,2,3
631083,2,3
631099,2,3
631195,3,3
631235,1,1
631673,1,1
632019,2,1
632316,1,1
632588,0,1
632634,3,3
632759,3,2
632927,2,3
633047,1,1
633077,0,1
633157,2,1
633219,1,1
633238,1,1
633328,1,1
633397,2,3
633924,2,1
634007,3,3
634070,1,1
634279,2,3
634636,1,1
635079,3,2
1006742,2,3
1072259,1,1
1738364,1,0
1933534,2,1
2074627,1,1
2114529,3,1
2176759,1,1
2238019,2,2
2244285,1,1
2264054,1,1
2265419,3,2
2270880,1,1
2345438,1,1
2448082,2,3
2480886,3,3
2503799,2,3
2558365,3,3
2564619,1,1
2575119,2,2
2630284,3,2
2652268,2,3
2667478,3,3
2675061,2,3
35747,3,3
40857,3,3
56667,2,1
66892,3,2
74165,1,1
77692,1,1
77995,1,1
84604,0,0
102854,0,0
103594,3,3
109907,3,3
116529,2,2
169596,2,1
195246,2,1
197536,1,1
204117,3,3
226955,2,1
230656,3,3
234661,1,1
235971,1,1
242636,2,3
261863,3,3
262332,3,3
268727,3,3
276265,1,1
279440,1,0
287715,3,3
294112,2,3
294929,1,1
295893,2,3
315795,1,2
316082,0,1
318289,3,3
319073,1,0
324331,2,2
328797,2,1
331789,1,1
348324,1,1
372511,1,1
374353,3,2
375993,3,3
379311,2,3
384331,3,3
405193,1,0
408872,3,3
416426,3,3
419059,0,1
420834,3,2
421070,3,2
423488,2,1
427256,1,1
431139,1,1
439950,2,2
443151,1,1
443696,2,1
445686,1,1
446778,3,3
466717,3,3
467363,2,1
481717,1,1
486964,1,1
489048,3,3
489104,3,3
489553,2,2
491126,1,0
491863,1,1
499244,3,3
507031,3,3
507935,0,0
509177,3,3
510762,2,3
511309,1,1
512335,3,2
513422,1,1
514078,1,2
519115,2,2
521032,3,3
521153,2,2
523589,3,3
529991,1,1
530148,3,2
535542,3,3
536475,2,1
537321,3,3
539308,2,1
540155,3,3
550420,0,1
552173,1,1
553284,1,0
553813,1,1
558044,0,1
560765,3,3
562762,3,3
564821,3,3
570213,2,1
570280,2,2
573697,3,3
580459,1,1
581219,2,3
581253,1,1
581779,1,1
584362,3,3
588128,1,1
589441,3,3
592233,3,3
593722,2,1
594122,1,1
594406,2,2
594636,1,1
595943,1,0
597937,2,1
598442,3,3
600773,3,1
601235,1,1
601680,3,1
601820,1,3
603648,1,1
606257,1,0
606904,2,1
607679,1,1
607700,1,1
607866,1,1
613966,2,3
615302,1,1
617436,3,3
617783,2,1
617922,1,0
623917,3,3
623945,3,3
624740,3,3
626552,1,1
627238,3,3
627840,3,3
628308,3,3
628383,1,1
628521,1,1
630024,3,3
631658,0,1
631924,0,0
632458,0,1
632634,3,3
632826,1,1
633079,1,1
635079,2,2
635165,3,3
635184,2,2
636653,2,3
636783,0,0
636830,0,0
637089,2,2
637509,2,3
637563,2,3
637906,1,1
638388,1,1
638625,1,0
639522,1,1
640329,1,1
640584,3,3
640774,3,3
640848,1,1
641085,2,3
641307,3,3
641433,2,3
641547,1,1
641866,3,3
642029,1,1
642056,0,1
642448,1,1
642536,2,3
642560,3,3
642840,2,3
643477,1,1
644303,3,3
644343,1,1
644450,0,0
644834,3,3
645638,3,3
646053,1,1
646460,1,1
646742,3,3
647169,0,0
647194,2,3
647245,3,3
647284,3,3
647320,1,1
647417,3,3
648114,1,1
648457,0,0
648536,0,1
648571,0,0
648576,3,3
648863,3,3
649020,3,3
649230,3,1
649258,2,1
649566,2,1
649619,0,1
649735,1,1
649891,3,2
650363,1,1
651040,1,1
651253,3,2
651419,1,1
651927,0,1
651990,1,1
652064,0,0
652336,3,3
652569,3,3
652672,1,1
652684,0,0
652752,2,2
653144,3,1
653255,3,3
653747,3,3
653841,1,2
654578,1,1
654960,3,3
655127,0,1
655353,1,0
655386,0,0
655569,1,1
655720,3,3
655852,3,2
655927,1,1
656065,1,1
656165,1,1
656323,1,1
656360,3,3
656441,3,3
656579,0,1
656607,1,1
656622,3,3
656988,2,1
674451,1,1
674594,2,3
674764,3,3
674870,1,0
675002,3,3
675566,0,1
675947,3,3
676627,3,3
677085,1,1
677155,1,1
677546,1,1
677655,1,1
677701,3,3
677767,2,1
677828,3,3
677833,1,1
678270,2,2
678659,1,1
678954,0,1
679111,2,3
679119,3,3
679251,2,2
679342,2,3
680072,3,3
680715,3,3
680810,0,0
680872,1,1
681354,1,1
681633,1,1
682070,1,0
682276,3,1
682359,3,3
682390,1,1
682391,2,2
682482,3,3
682505,3,3
682578,2,3
682613,1,1
682632,1,0
682985,2,1
682990,0,1
683144,3,3
683177,3,3
683243,2,1
683427,3,3
683547,3,3
683555,3,3
683699,3,3
683764,2,3
683772,3,2
683820,1,1
683934,1,1
684040,3,3
684592,1,1
685330,3,3
685619,1,1
685928,2,3
685998,3,3
686317,1,1
686344,1,1
686348,1,1
686390,3,3
686458,3,3
686786,2,3
687485,1,1
687503,1,1
688071,2,3
688203,3,3
688326,3,3
688453,2,3
688509,3,3
689585,3,3
689626,2,3
689977,3,3
690746,0,0
691177,2,3
691280,1,1
691326,2,1
691465,2,1
691722,0,0
692097,1,1
692297,2,3
692334,1,1
692898,3,3
693628,1,1
694376,2,3
694716,1,1
695550,2,3
695748,3,3
695869,1,1
695964,3,3
696364,1,1
696583,2,1
696672,1,3
697255,1,1
697438,3,1
697478,1,1
698015,1,1
698233,3,3
698237,3,3
699127,2,1
900936,3,3
1318759,1,1
1413902,2,2
1501577,0,0
1585671,1,1
1631797,1,1
1752994,1,1
1765045,3,3
1766102,2,3
1817710,0,0
1856869,2,1
1887108,1,0
1889752,1,1
2017487,0,0
2067799,2,1
2088982,3,2
2137697,3,3
2154361,1,1
2254637,1,1
2256134,3,3
2316717,3,1
2332934,2,3
2427845,1,1
2480886,2,0
2529419,1,1
2542209,2,1
2544766,1,2
2558365,2,1
2612728,3,3
2622634,3,3
2624028,1,1
2630284,3,2
2643829,2,1
2667478,2,1
2681198,1,1
2694139,3,2
26023,1,1
62975,2,2
122459,1,2
159484,2,2
166183,2,2
233153,1,1
253567,2,1
268391,2,1
286762,1,1
308634,2,3
313070,3,3
325909,2,2
348579,1,1
372691,1,1
396145,1,1
411105,1,1
434478,3,2
439677,0,1
466900,0,1
470340,1,0
481404,1,1
483123,2,2
497074,1,1
505503,2,2
515496,1,1
519091,0,1
531224,1,1
534647,2,2
537662,1,1
544615,1,1
546192,1,1
546457,1,1
547440,3,2
548388,1,1
549887,0,1
556523,1,1
560374,1,1
561163,1,2
565640,1,1
566183,1,1
568539,1,1
569679,1,1
569974,1,2
569984,2,1
571380,1,1
571696,1,1
571787,2,3
571952,2,1
572714,1,1
573666,1,1
574606,3,2
574948,1,1
574960,0,1
575061,1,2
576143,1,3
576371,2,3
576447,2,2
576654,1,1
576948,1,1
577439,2,2
578666,2,1
578781,2,2
578940,1,1
579528,1,0
580860,0,1
582309,3,2
583532,1,1
584448,1,1
584844,2,2
585156,2,2
585236,1,1
585297,2,3
585613,1,1
586367,2,1
586524,3,2
586639,1,2
586689,1,1
586787,1,1
588106,2,2
588367,1,1
588391,1,1
588528,3,2
589198,2,2
589734,2,2
590215,1,0
590662,2,2
591216,3,3
591804,0,1
591819,2,2
591822,3,3
592043,2,2
592127,1,1
592444,3,3
593954,1,2
595365,1,1
595496,1,2
595686,1,3
596221,1,1
596255,2,2
597045,1,1
597058,0,0
597114,0,0
597515,1,1
598139,1,1
598788,1,1
600606,1,1
600906,3,2
601275,2,1
601576,2,2
601854,1,1
601939,2,1
602023,2,2
602780,1,1
603573,2,3
604336,1,1
604471,2,2
604721,1,1
605325,2,2
605901,0,1
605920,1,1
605977,0,1
606471,1,1
606497,2,3
606574,2,3
606864,0,1
606869,1,1
606895,2,2
607163,1,1
607514,2,2
607912,1,1
609399,1,1
610380,2,2
610530,2,1
610597,1,1
611138,2,2
611177,1,1
1828078,2,3
1930019,0,2
1993905,1,1
2002057,2,3
2152928,2,2
2180994,0,1
2285156,0,1
2458203,0,1
2462584,1,1
2519972,2,1
2540450,2,2
2653027,2,2
96423,1,1
124944,1,1
134123,1,1
178935,3,2
198315,2,3
282388,2,1
299536,2,3
324773,0,1
345737,3,3
359645,3,2
387294,1,1
414696,1,1
417096,1,1
486279,0,1
503201,2,2
507334,1,1
511228,1,1
518145,1,1
532473,3,2
541044,3,2
556406,1,1
556463,2,2
563301,2,2
568572,3,3
568863,2,3
573834,2,1
575217,1,1
575693,3,2
589009,1,2
590445,1,1
590758,2,3
591563,1,1
594723,0,1
596307,2,2
596751,0,1
598564,2,2
605375,1,2
605556,1,3
605828,1,1
606389,1,1
607738,3,2
608649,3,3
609326,1,1
609754,1,1
611629,2,3
612459,2,2
612690,1,1
612870,1,2
612903,1,1
613300,0,0
614073,3,2
614249,2,2
615425,1,1
617238,2,1
617470,0,1
618119,3,2
618579,1,1
619478,2,2
620460,1,1
620561,0,1
620726,1,1
621331,3,2
621888,2,2
622166,1,3
622646,2,2
622886,3,2
623029,2,2
623602,1,0
624230,1,1
624430,2,3
624650,3,2
624706,2,2
624940,3,3
625376,1,1
625544,0,1
625649,1,1
625875,0,1
626213,2,2
626256,1,1
626282,0,1
626629,2,1
626751,3,3
627773,0,1
627821,0,1
627827,2,1
628280,1,1
628365,2,2
628367,1,1
628545,0,0
628712,0,1
628851,2,2
629542,2,2
629580,2,2
630099,1,1
630221,1,1
630242,2,3
630762,2,2
630788,1,1
631201,1,0
631212,3,2
632153,1,1
632667,1,1
633118,1,0
633682,1,1
633747,1,1
633923,1,0
634258,0,1
634273,2,3
634340,2,2
634347,3,2
634569,1,1
635506,1,1
1413027,1,1
2011327,3,3
2082945,1,1
2135315,1,1
2262510,0,2
2272474,1,1
2526485,1,1
2563715,1,1
2574822,3,2
2619903,2,2
2672138,0,1
125407,1,1
226890,1,1
291937,2,3
340242,1,1
358966,0,0
380599,1,1
380668,1,1
388259,2,2
439170,0,1
515345,2,2
527039,2,2
527538,0,1
566512,1,1
587909,1,1
591755,1,1
595941,1,1
610302,0,3
613728,2,0
623475,1,0
625241,1,1
625411,1,2
632365,0,1
635988,2,1
636554,1,2
636718,3,3
637496,1,1
637722,0,1
638561,3,2
640505,0,1
640654,2,3
641535,2,2
642883,1,1
643191,3,2
644061,1,1
644252,2,2
644470,1,1
645377,0,1
645801,1,2
645969,1,1
646131,1,1
646152,2,2
646801,2,2
647054,1,1
647067,2,2
647850,1,1
647893,1,1
648100,1,3
648110,3,3
648115,3,3
648498,0,1
649194,0,1
649206,0,1
649867,1,1
650268,0,1
650662,3,3
650751,0,1
651628,1,1
651660,0,1
651730,3,2
652435,0,1
653435,1,1
654321,2,3
655201,2,1
655954,0,1
656438,2,1
656970,3,3
657093,3,3
657351,3,2
674340,2,3
674481,2,1
674939,2,2
675578,1,1
677150,2,2
678261,1,1
678612,2,2
678762,1,1
681532,2,3
683256,1,1
684802,0,0
685575,0,1
687082,2,2
687653,1,0
688388,0,1
688663,3,2
688819,0,1
688822,2,2
689594,1,1
689878,1,1
690029,1,1
690895,3,2
691371,1,1
691577,3,2
692206,2,1
693273,2,3
693788,0,1
694292,1,1
694359,1,1
694723,0,1
696157,1,1
696876,1,1
1689081,1,1
2004143,1,1
2268380,1,1
2342238,3,2
2475886,2,3
2640965,2,2
